include,week_of,dates,category,event,impact,outlet,srcdesc,url,srcdate
,"Aug 10, 2026",Aug 10,,,,Politico,White House officials tamped down efforts to oust Max Miller in final days,https://www.politico.com/news/2026/08/10/white-house-max-miller-pressure-campaign-01031353,"Aug 10, 2026"
,"Aug 10, 2026",Aug 10,,,,The Guardian,Rebecca Solnit on Andrew Tate and Trump’s misogyny – Stateside with Kai and Carter,https://www.theguardian.com/us-news/video/2026/aug/10/rebecca-solnit-andrew-tate-trump-misogyny-stateside-podcast,"Aug 10, 2026"
,"Aug 10, 2026",Aug 10,,,,ABC News,Trump announces staff secretary Will Scharf will be his new White House counsel,https://abcnews.com/Politics/wireStory/trump-announces-staff-secretary-scharf-new-white-house-135505179,"Aug 10, 2026"
,"Aug 10, 2026",Aug 10,,,,ABC News,Trump's immigration crackdown looms over Minnesota's bruising Senate primary,https://abcnews.com/Politics/wireStory/trumps-immigration-crackdown-looms-minnesotas-bruising-senate-primary-135500626,"Aug 10, 2026"
,"Aug 10, 2026",Aug 11,,,,ABC News,Medicaid will stop paying for some gender-affirming care for transgender minors,https://abcnews.com/Politics/wireStory/medicaid-stop-paying-gender-affirming-care-transgender-minors-135559574,"Aug 11, 2026"
,"Aug 10, 2026",Aug 11,,,,ABC News,Wisconsin and Minnesota primaries next to feature progressive clash with Democratic establishment,https://abcnews.com/Politics/wireStory/wisconsin-minnesota-primaries-feature-progressive-clash-democratic-establishment-135508190,"Aug 11, 2026"
,"Aug 10, 2026",Aug 12,,,,NBC News,3 takeaways from David Crowley’s comeback: From the Politics Desk,https://www.nbcnews.com/politics/politics-news/3-takeaways-david-crowleys-comeback-politics-desk-rcna592208,"Aug 12, 2026"
,"Aug 10, 2026",Aug 12,,,,NBC News,White House press secretary Karoline Leavitt to step down,https://www.nbcnews.com/politics/white-house/press-secretary-karoline-leavitt-step-down-end-of-august-rcna592223,"Aug 12, 2026"
,"Aug 10, 2026",Aug 12,,,,NBC News,Extremism expert charged in case on Southern Poverty Law Center informants,https://www.nbcnews.com/politics/justice-department/extremism-expert-charged-case-targeting-southern-poverty-law-centers-u-rcna592198,"Aug 12, 2026"
,"Aug 10, 2026",Aug 12,,,,NBC News,Minnesota GOP picks Lisa Demuth over Trump-backed Mike Lindell for governor against Democrat Amy Klobuchar,https://www.nbcnews.com/politics/2026-election/minnesota-gop-picks-lisa-demuth-trump-backed-mike-lindell-governor-dem-rcna591630,"Aug 12, 2026"
,"Aug 10, 2026",Aug 12,,,,NBC News,Trump says security threat spurred secret plane swap in Turkey,https://www.nbcnews.com/politics/donald-trump/president-says-security-threat-spurred-secret-plane-swap-turkey-rcna592053,"Aug 12, 2026"
,"Aug 10, 2026",Aug 12,,,,CBS News,11 charged for alleged sham marriages to help Chinese nationals get green cards,https://www.cbsnews.com/news/chinese-nationals-charged-alleged-sham-marriage-scheme/,"Aug 12, 2026"
,"Aug 10, 2026",Aug 12,,,,CBS News,8/12: The Takeout with Major Garrett,https://www.cbsnews.com/video/081226-the-takeout-with-major-garrett/,"Aug 12, 2026"
,"Aug 10, 2026",Aug 12,,,,ABC News,David Crowley's razor-thin Wisconsin primary win sets up match against Trump pick,https://abcnews.com/Politics/wireStory/david-crowleys-razor-thin-wisconsin-primary-win-sets-135580402,"Aug 12, 2026"
,"Aug 10, 2026",Aug 12,,,,ABC News,6 must-watch matchups that could play key role in setting the 2026 College Football Playoff field,https://abcnews.com/Politics/wireStory/6-watch-matchups-play-key-role-setting-2026-135570978,"Aug 12, 2026"
,"Aug 10, 2026",Aug 12,,,,ABC News,November matchup set for Alabama US House district Republicans redrew in effort to keep majority,https://abcnews.com/Politics/wireStory/november-matchup-set-alabama-us-house-district-republicans-135536004,"Aug 12, 2026"
,"Aug 10, 2026",Aug 13,,,,NBC News,Appeals court dodges major ruling on Trump’s contentious use of obscure deportation law,https://www.nbcnews.com/politics/immigration/appeals-court-trump-alien-enemies-act-tren-de-aragua-venezuela-rcna592435,"Aug 13, 2026"
,"Aug 10, 2026",Aug 13,,,,NBC News,Kennedy Center board votes to add president’s name again — and throw in a ‘Trump Plaza’,https://www.nbcnews.com/politics/trump-administration/kennedy-center-board-votes-partially-close-arts-center-renovations-add-rcna592355,"Aug 13, 2026"
,"Aug 10, 2026",Aug 13,,,,NBC News,Haitians in Ohio who lost protected status get ankle monitors instead of ICE detention,https://www.nbcnews.com/politics/immigration/haitians-ohio-lost-protected-status-get-ankle-monitors-instead-ice-det-rcna591989,"Aug 13, 2026"
,"Aug 10, 2026",Aug 13,,,,NBC News,Judge dismisses Trump admin lawsuit alleging Harvard failed to protect Jewish students,https://www.nbcnews.com/politics/trump-administration/judge-dismisses-trump-lawsuit-harvard-antisemitism-rcna592379,"Aug 13, 2026"
,"Aug 10, 2026",Aug 13,,,,CBS News,Kennedy Center board votes to restore Trump's name on building,https://www.cbsnews.com/news/kennedy-center-board-votes-trump-name-joyce-beatty/,"Aug 13, 2026"
,"Aug 10, 2026",Aug 13,,,,CBS News,Mostly-Trump-appointed board votes to restore his name on the Kennedy Center,https://www.cbsnews.com/video/mostly-trump-appointed-board-votes-restore-name-kennedy-center/,"Aug 13, 2026"
,"Aug 10, 2026",Aug 13,,,,CBS News,Trump's secret plane switch took place within a day of credible missile threat,https://www.cbsnews.com/news/trump-secret-air-force-one-switch-iran-missile-threat/,"Aug 13, 2026"
,"Aug 10, 2026",Aug 13,,,,CBS News,Trump administration's antisemitism lawsuit against Harvard dismissed,https://www.cbsnews.com/news/harvard-antisemitism-lawsuit-dismissed-trump-administration/,"Aug 13, 2026"
,"Aug 10, 2026",Aug 13,,,,CBS News,"DOJ leaves in place ruling that deregulates silencers, shotguns",https://www.cbsnews.com/news/justice-dept-silencer-shotgun-texas-ruling/,"Aug 13, 2026"
,"Aug 10, 2026",Aug 13,,,,CBS News,"Trump says U.S. has ""total control"" over Strait of Hormuz",https://www.cbsnews.com/live-updates/iran-war-us-donald-trump-strait-hormuz-traffic-falls-houthis-kill-red-sea/,"Aug 13, 2026"
,"Aug 10, 2026",Aug 13,,,,CBS News,ICE plans to give officers gloves that can deliver electric shocks,https://www.cbsnews.com/news/ice-officers-gloves-electric-shocks/,"Aug 13, 2026"
,"Aug 10, 2026",Aug 13,,,,ABC News,Judge will hear whether Tates should stay in custody as they fight extradition,https://abcnews.com/Politics/wireStory/judge-hear-tate-brothers-stay-custody-fight-extradition-135600883,"Aug 13, 2026"
,"Aug 10, 2026",Aug 13,,,,ABC News,Democrats gathering to give final approval to 2028 presidential primary calendar,https://abcnews.com/Politics/wireStory/democrats-gathering-give-final-approval-2028-presidential-primary-135600931,"Aug 13, 2026"
,"Aug 10, 2026",Aug 13,,,,PBS NewsHour,How Trump's construction projects are changing Washington and costing taxpayers,https://www.pbs.org/newshour/show/how-trumps-construction-projects-are-changing-washington-and-costing-taxpayers,"Aug 13, 2026"
,"Aug 10, 2026",Aug 13,,,,PBS NewsHour,DOJ deploys tactic to strip naturalized Americans of citizenship,https://www.pbs.org/newshour/show/doj-deploys-tactic-to-strip-naturalized-americans-of-citizenship,"Aug 13, 2026"
,"Aug 10, 2026",Aug 13,,,,PBS NewsHour,Judge dismisses Trump administration lawsuit alleging antisemitism at Harvard,https://www.pbs.org/newshour/politics/judge-dismisses-trump-administration-lawsuit-alleging-antisemitism-at-harvard,"Aug 13, 2026"
,"Aug 10, 2026",Aug 13,,,,PBS NewsHour,Kennedy Center board moves forward with a two-year closure to allow for renovations,https://www.pbs.org/newshour/politics/ap-report-kennedy-center-board-moves-forward-with-a-two-year-closure-to-allow-for-renovations,"Aug 13, 2026"
,"Aug 10, 2026",Aug 13,,,,PBS NewsHour,Trump White House says it's losing $19B-$26 billion a year in revenue as countries dodge tariffs,https://www.pbs.org/newshour/politics/trump-white-house-says-its-losing-19b-26-billion-a-year-in-revenue-as-countries-dodge-tariffs,"Aug 13, 2026"
,"Aug 10, 2026",Aug 13,,,,PBS NewsHour,Zambians cast ballots in a presidential election that tests incumbent's economic reforms,https://www.pbs.org/newshour/world/zambians-cast-ballots-in-a-presidential-election-that-tests-incumbents-economic-reforms,"Aug 13, 2026"
,"Aug 10, 2026",Aug 14,,,,NPR,Democrats grapple with Trump's push to limit transparency within the executive branch,https://www.npr.org/2026/08/14/nx-s1-5930399/democrats-grapple-with-trumps-push-to-limit-transparency-within-the-executive-branch,"Aug 14, 2026"
,"Aug 10, 2026",Aug 14,,,,NBC News,FBI reports record decrease in violent crime in 2025,https://www.nbcnews.com/politics/justice-department/fbi-reports-record-decrease-violent-crime-2025-rcna592593,"Aug 14, 2026"
,"Aug 10, 2026",Aug 14,,,,NBC News,Trump dismisses military families’ concerns about grim conditions on USS Lincoln,https://www.nbcnews.com/politics/donald-trump/trump-dismisses-concerns-family-members-grim-conditions-uss-abraham-li-rcna592598,"Aug 14, 2026"
,"Aug 10, 2026",Aug 14,,,,NBC News,Trump asks Supreme Court to allow White House ballroom construction to continue,https://www.nbcnews.com/politics/supreme-court/trump-appeals-supreme-court-white-house-ballroom-rcna266912,"Aug 14, 2026"
,"Aug 10, 2026",Aug 14,,,,NBC News,"Woman arrested and facing felony charges in World War II Memorial vandalism case, DOJ says",https://www.nbcnews.com/politics/justice-department/woman-arrested-felony-charges-world-war-ii-memorial-vandalism-case-rcna592546,"Aug 14, 2026"
,"Aug 10, 2026",Aug 14,,,,NBC News,Judge shows signs of frustration with DOJ attorneys over handling of Epstein files,https://www.nbcnews.com/politics/justice-department/judge-shows-signs-frustration-doj-attorneys-handling-epstein-files-rcna592418,"Aug 14, 2026"
,"Aug 10, 2026",Aug 14,,,,The Guardian,Tennessee’s Justin Pearson takes on America’s most contentious issues,https://www.theguardian.com/us-news/2026/aug/14/tennessee-justin-pearson-progressive-candidate,"Aug 14, 2026"
,"Aug 10, 2026",Aug 14,,,,The Guardian,Trump’s great plane escape | Politics Weekly America,https://www.theguardian.com/politics/video/2026/aug/14/trumps-great-plane-escape-politics-weekly-america,"Aug 14, 2026"
,"Aug 10, 2026",Aug 14,,,,CBS News,Trump downplays concerns of mental health issues aboard USS Lincoln,https://www.cbsnews.com/video/trump-downplays-concerns-of-mental-health-issues-aboard-uss-lincoln/,"Aug 14, 2026"
,"Aug 10, 2026",Aug 14,,,,CBS News,Feds charge woman for allegedly vandalizing World War II Memorial in D.C.,https://www.cbsnews.com/news/world-war-ii-memorial-vandalism-charges-melissa-farris/,"Aug 14, 2026"
,"Aug 10, 2026",Aug 14,,,,CBS News,"Inside ""the Pool"": Fugitive arrested in alleged cross-border car trade scheme",https://www.cbsnews.com/news/texas-mexico-border-the-pool-fugitive-arrested-doj-dhs-cars-rigoberto-brown/,"Aug 14, 2026"
,"Aug 10, 2026",Aug 14,,,,CBS News,Trump asks Supreme Court to intervene in White House ballroom legal fight,https://www.cbsnews.com/news/trump-supreme-court-white-house-ballroom/,"Aug 14, 2026"
,"Aug 10, 2026",Aug 14,,,,CBS News,"Tehran says Strait of Hormuz ""under Iran's control"" after Trump threat",https://www.cbsnews.com/live-updates/iran-war-us-strait-of-hormuz-donald-trump-tehran-control-threatens-keep-it/,"Aug 14, 2026"
,"Aug 10, 2026",Aug 14,,,,ABC News,Appeals court sides with Trump in fight over subpoena of gender-affirming care provider,https://abcnews.com/Politics/wireStory/appeals-court-sides-trump-fight-subpoena-gender-affirming-135657335,"Aug 14, 2026"
,"Aug 10, 2026",Aug 14,,,,ABC News,Trump set to highlight violent crime reduction during a visit to New York police academy,https://abcnews.com/Politics/wireStory/trump-set-highlight-violent-crime-reduction-visit-new-135632928,"Aug 14, 2026"
,"Aug 10, 2026",Aug 14,,,,ABC News,Jared Kushner to visit Israel and Egypt next week with Board of Peace officials to talk Gaza,https://abcnews.com/Politics/wireStory/jared-kushner-visit-israel-egypt-week-board-peace-135629094,"Aug 14, 2026"
,"Aug 10, 2026",Aug 14,,,,ABC News,Trump orders the Navy to return to an older system of launching jets off aircraft carriers,https://abcnews.com/Politics/wireStory/trump-orders-navy-return-older-system-launching-jets-135628446,"Aug 14, 2026"
,"Aug 10, 2026",Aug 14,,,,ABC News,Judge drops Nevada case against electors accused of forging certificate in 2020 election,https://abcnews.com/Politics/wireStory/judge-drops-nevada-case-electors-accused-forging-certificate-135627356,"Aug 14, 2026"
,"Aug 10, 2026",Aug 14,,,,PBS NewsHour,Luigi Mangione reveals motive for CEO's killing after pleading guilty in federal case,https://www.pbs.org/newshour/show/luigi-mangione-reveals-motive-for-ceos-killing-after-pleading-guilty-in-federal-case,"Aug 14, 2026"
,"Aug 10, 2026",Aug 14,,,,PBS NewsHour,News Wrap: Record-breaking heat wave grips Europe,https://www.pbs.org/newshour/show/news-wrap-record-breaking-heat-wave-grips-europe,"Aug 14, 2026"
,"Aug 10, 2026",Aug 14,,,,PBS NewsHour,Trump's vaccine order would require millions of individual shots last used decades ago,https://www.pbs.org/newshour/health/trumps-vaccine-order-would-require-millions-of-individual-shots-last-used-decades-ago,"Aug 14, 2026"
,"Aug 10, 2026",Aug 14,,,,PBS NewsHour,WATCH: Trump says USS Lincoln's deployment was 'not nearly long enough',https://www.pbs.org/newshour/politics/watch-trump-says-uss-lincolns-deployment-was-not-nearly-long-enough,"Aug 14, 2026"
,"Aug 10, 2026",Aug 14,,,,PBS NewsHour,WATCH: Trump highlights violent crime reduction during visit to NY police academy,https://www.pbs.org/newshour/politics/watch-live-trump-to-highlight-violent-crime-reduction-during-visit-to-ny-police-academy,"Aug 14, 2026"
,"Aug 10, 2026",Aug 14,,,,PBS NewsHour,Trump asks Supreme Court to let White House resume ballroom construction during appeal,https://www.pbs.org/newshour/politics/trump-asks-supreme-court-to-let-white-house-resume-ballroom-construction-during-appeal,"Aug 14, 2026"
,"Aug 10, 2026",Aug 14,,,,PBS NewsHour,Judge drops Nevada case against electors accused of forging 2020 election certificate,https://www.pbs.org/newshour/politics/judge-drops-nevada-case-against-electors-accused-of-forging-2020-election-certificate,"Aug 14, 2026"
